month,call_events,attempted_accounts,contacted_accounts,answered_events,call_answer_rate_pct,account_contact_rate_pct
2025-12,1,1,0,0.0,0.0,0.0
2026-01,12896,10324,2433,2588.0,20.068238213399503,23.56644711352189
2026-02,11740,9532,2188,2311.0,19.684838160136287,22.954259336970207
2026-03,13041,10417,2457,2596.0,19.90644889195614,23.58644523375252
2026-04,12421,10036,2258,2396.0,19.28991224539087,22.499003587086488
2026-05,12944,10370,2491,2636.0,20.364647713226205,24.021215043394406
2026-06,12312,9971,2385,2511.0,20.394736842105264,23.91936616186942
2026-07,12757,10278,2345,2473.0,19.385435447205456,22.815722903288577
2026-08,3238,3053,619,635.0,19.610870907967882,20.275139207337045
